{"0": {"0": 0, "1": 0}, "1": {"0": 1.9855780472059594, "1": 4.075811753494532}, "2": {"0": 2.032710322406238, "1": 4.09105850019071}, "3": {"0": 0, "1": 0}, "4": {"0": 1.680417734996079, "1": 4.921535151353206}, "5": {"0": 1.1770220762060746, "1": 4.310272090998859}, "6": {"0": 0, "1": 0}, "7": {"0": 2.210170731027139, "1": 3.5353436886918446}, "8": {"0": 2.395636860382728, "1": 3.193350563979261}, "9": {"0": 0, "1": 0}, "10": {"0": 2.6234125800601245, "1": 2.4038388197534624}, "11": {"0": 1.8245610200524052, "1": 2.0078045917441574}, "12": {"0": 0, "1": 0}, "13": {"0": 2.6552154811223057, "1": 1.875874745907622}, "14": {"0": 3.188953024420559, "1": 2.2500421394627037}, "15": {"0": 0, "1": 0}, "16": {"0": 2.904849795958011, "1": 2.2624158115478137}, "17": {"0": 2.993861052180605, "1": 2.3666230983756926}, "18": {"0": 0, "1": 0}, "19": {"0": 2.6490096279314628, "1": 2.231477836176685}, "20": {"0": 2.486017772121196, "1": 2.0227039995979146}, "21": {"0": 0, "1": 0}, "22": {"0": 3.2447549123229544, "1": 1.876739926279789}, "23": {"0": 2.621721635633007, "1": 2.0466326152835017}, "24": {"0": 0, "1": 0}, "25": {"0": 2.2187700937789456, "1": 1.975439355902436}, "26": {"0": 2.4479719069730526, "1": 2.121981695560552}, "27": {"0": 0, "1": 0}, "28": {"0": 1.5107895707141341, "1": 2.7286891306198386}, "29": {"0": 2.130599338385895, "1": 2.3941100808633555}, "30": {"0": 0, "1": 0}, "31": {"0": 2.4886704202654255, "1": 2.155749613285687}, "32": {"0": 1.9555136275679756, "1": 3.1097912741990275}, "33": {"0": 0, "1": 0}, "34": {"0": 2.4773629520922853, "1": 1.8996315765947276}, "35": {"0": 2.322452904491253, "1": 2.171354753858784}, "36": {"0": 0, "1": 0}, "37": {"0": 2.7739211580941965, "1": 2.1771422705761774}, "38": {"0": 2.6884690055738076, "1": 2.2811052041848434}, "39": {"0": 0, "1": 0}, "40": {"0": 2.7815976693751825, "1": 2.2140758571845933}, "41": {"0": 2.2271563899906255, "1": 2.6630652179367766}, "42": {"0": 0, "1": 0}, "43": {"0": 3.0892944715182673, "1": 2.4221806067673053}, "44": {"0": 2.528497765943978, "1": 2.2272074511039612}, "45": {"0": 0, "1": 0}, "46": {"0": 3.0950931111009883, "1": 2.3405587563021095}, "47": {"0": 2.9943139105747814, "1": 2.6154837731132377}, "48": {"0": 0, "1": 0}, "49": {"0": 2.373623660635558, "1": 2.200485166746629}, "50": {"0": 2.5776557971018113, "1": 2.566566203987613}, "51": {"0": 0, "1": 0}, "52": {"0": 3.0501000762896684, "1": 0.48341337678815677}, "53": {"0": 2.788427406668924, "1": 2.3878803191601117}, "54": {"0": 0, "1": 0}, "55": {"0": 1.3737139080900833, "1": 0.10533964364625087}, "56": {"0": 1.9472972727082707, "1": 0.09973276940159445}, "57": {"0": 0, "1": 0}, "58": {"0": 0, "1": 0}, "59": {"0": 0, "1": 0}}